Type,Date,Part of a policing operation,Policing operation,Latitude,Longitude,Gender,Age range,Self-defined ethnicity,Officer-defined ethnicity,Legislation,Object of search,Outcome,Outcome linked to object of search,Removal of more than just outer clothing
Person search,2016-07-01T01:21:00+00:00,,,51.482183,-3.190017,Male,18-24,White - White British (W1),White,Misuse of Drugs Act 1971 (section 23),Controlled drugs,,False,
Person search,2016-07-01T01:32:00+00:00,,,51.482183,-3.190017,Male,18-24,Black or Black British - African (B2),Black,Misuse of Drugs Act 1971 (section 23),Controlled drugs,,False,
Person search,2016-07-01T03:06:00+00:00,,,51.480245,-3.186049,Male,over 34,White - White British (W1),White,Police and Criminal Evidence Act 1984 (section 1),,Nothing found - no further action,False,
Person and Vehicle search,2016-07-01T03:20:00+00:00,,,51.493627,-3.218318,Male,25-34,White - White British (W1),White,Misuse of Drugs Act 1971 (section 23),Controlled drugs,Suspect arrested,True,
Person search,2016-07-01T03:59:00+00:00,,,51.482183,-3.190017,Male,18-24,Black or Black British - Any other Black ethnic background (B9),Black,Misuse of Drugs Act 1971 (section 23),Controlled drugs,Nothing found - no further action,False,
Person search,2016-07-01T04:53:00+00:00,,,51.482183,-3.190017,Male,25-34,Mixed - Any other Mixed ethnic background (M9),White,Misuse of Drugs Act 1971 (section 23),Controlled drugs,,False,
Person search,2016-07-01T05:01:00+00:00,,,51.483915,-3.220968,Male,over 34,White - White British (W1),White,Police and Criminal Evidence Act 1984 (section 1),Stolen goods,Nothing found - no further action,False,
Person search,2016-07-01T05:25:00+00:00,,,51.647560,-3.971356,Male,10-17,White - White British (W1),White,Police and Criminal Evidence Act 1984 (section 1),Article for use in theft,Nothing found - no further action,False,
Person search,2016-07-01T08:07:00+00:00,,,51.598937,-3.341376,Male,25-34,White - White British (W1),White,Misuse of Drugs Act 1971 (section 23),Controlled drugs,Nothing found - no further action,False,
Person search,2016-07-01T10:23:00+00:00,,,,,Male,25-34,Asian or Asian British - Any other Asian ethnic background (A9),Asian,Police and Criminal Evidence Act 1984 (section 1),Article for use in theft,Nothing found - no further action,False,
Person search,2016-07-01T12:01:00+00:00,,,51.662031,-3.805760,Male,over 34,White - White British (W1),White,Misuse of Drugs Act 1971 (section 23),Controlled drugs,,False,
Person search,2016-07-01T15:19:00+00:00,,,51.526640,-3.702526,Male,18-24,White - White British (W1),White,Police and Criminal Evidence Act 1984 (section 1),Articles for use in criminal damage,Suspect arrested,True,
Person search,2016-07-01T15:20:00+00:00,,,51.612122,-3.961615,Female,25-34,White - White British (W1),White,Misuse of Drugs Act 1971 (section 23),Controlled drugs,,False,
Person search,2016-07-01T15:28:00+00:00,,,51.615373,-3.948900,Female,18-24,White - White British (W1),White,Misuse of Drugs Act 1971 (section 23),Controlled drugs,Nothing found - no further action,False,
Person search,2016-07-01T15:34:00+00:00,,,51.612122,-3.961615,Female,over 34,White - White British (W1),White,Misuse of Drugs Act 1971 (section 23),Controlled drugs,Nothing found - no further action,False,
Person search,2016-07-01T15:40:00+00:00,,,51.615373,-3.948900,Female,over 34,White - White British (W1),White,Misuse of Drugs Act 1971 (section 23),Controlled drugs,Nothing found - no further action,False,
Person search,2016-07-01T15:45:00+00:00,,,51.615373,-3.948900,Female,25-34,White - White British (W1),White,Misuse of Drugs Act 1971 (section 23),Controlled drugs,Nothing found - no further action,False,
Person search,2016-07-01T15:50:00+00:00,,,51.615373,-3.948900,Female,25-34,White - White British (W1),White,Misuse of Drugs Act 1971 (section 23),Controlled drugs,Nothing found - no further action,False,
Person search,2016-07-01T16:25:00+00:00,,,51.612122,-3.961615,Male,over 34,Black or Black British - Any other Black ethnic background (B9),Black,Misuse of Drugs Act 1971 (section 23),Controlled drugs,,False,
Person search,2016-07-01T16:27:00+00:00,,,,,Male,,Not Stated (NS),White,Police and Criminal Evidence Act 1984 (section 1),Firearms,Nothing found - no further action,False,
Person search,2016-07-01T16:45:00+00:00,,,,,Male,over 34,White - White British (W1),White,Misuse of Drugs Act 1971 (section 23),Controlled drugs,Nothing found - no further action,False,
Person search,2016-07-01T17:16:00+00:00,,,51.480913,-3.181286,Male,10-17,White - White British (W1),White,Misuse of Drugs Act 1971 (section 23),Controlled drugs,Nothing found - no further action,False,
Person search,2016-07-01T17:25:00+00:00,,,,,,,,,,,,,
Person search,2016-07-01T17:26:00+00:00,,,51.480913,-3.181286,Male,25-34,White - White British (W1),White,Misuse of Drugs Act 1971 (section 23),Controlled drugs,Nothing found - no further action,False,
Person search,2016-07-01T17:59:00+00:00,,,51.602192,-3.337429,Female,10-17,White - White British (W1),White,Misuse of Drugs Act 1971 (section 23),Controlled drugs,Nothing found - no further action,False,
Person search,2016-07-01T18:11:00+00:00,,,51.486225,-3.190381,Male,18-24,White - White British (W1),White,Police and Criminal Evidence Act 1984 (section 1),,,False,
Person search,2016-07-01T18:32:00+00:00,,,51.486225,-3.190381,Male,18-24,White - White British (W1),White,Misuse of Drugs Act 1971 (section 23),Controlled drugs,,False,
Person search,2016-07-01T18:57:00+00:00,,,51.480913,-3.181286,,,,,,,,,
Person search,2016-07-01T19:42:00+00:00,,,51.654005,-3.809012,Male,over 34,Chinese or other ethnic group - Any other ethnic group (O9),Other,Police and Criminal Evidence Act 1984 (section 1),Article for use in theft,,False,
Person search,2016-07-01T19:56:00+00:00,,,,,Male,10-17,White - White British (W1),White,,,,False,
Person search,2016-07-01T23:01:00+00:00,,,51.652289,-3.811213,Male,10-17,White - White British (W1),White,Police and Criminal Evidence Act 1984 (section 1),Article for use in theft,Nothing found - no further action,False,
Person search,2016-07-01T23:15:00+00:00,,,51.652289,-3.811213,Male,10-17,White - White British (W1),White,Police and Criminal Evidence Act 1984 (section 1),Article for use in theft,Nothing found - no further action,False,
Person search,2016-07-01T23:16:00+00:00,,,51.652289,-3.811213,Male,10-17,White - White British (W1),White,Police and Criminal Evidence Act 1984 (section 1),Article for use in theft,,False,
Person search,2016-07-01T23:20:00+00:00,,,51.493754,-3.162373,Male,over 34,White - White British (W1),White,,,Suspect arrested,False,
Person search,2016-07-01T23:22:00+00:00,,,51.485297,-3.144515,Male,18-24,White - White British (W1),White,Police and Criminal Evidence Act 1984 (section 1),Article for use in theft,Nothing found - no further action,False,
Person search,2016-07-01T23:34:00+00:00,,,51.652289,-3.811213,Male,10-17,White - White British (W1),White,Police and Criminal Evidence Act 1984 (section 1),Article for use in theft,Nothing found - no further action,False,
Person search,2016-07-02T03:31:00+00:00,,,51.485297,-3.144515,Male,25-34,White - White British (W1),White,Police and Criminal Evidence Act 1984 (section 1),Article for use in theft,Nothing found - no further action,False,
Person search,2016-07-02T13:00:00+00:00,,,51.638413,-3.924843,Male,over 34,White - White British (W1),White,Police and Criminal Evidence Act 1984 (section 1),Article for use in theft,Nothing found - no further action,False,
Person search,2016-07-02T13:00:00+00:00,,,51.638413,-3.924843,Female,over 34,White - White British (W1),White,Police and Criminal Evidence Act 1984 (section 1),Article for use in theft,Nothing found - no further action,False,
Person search,2016-07-02T15:45:00+00:00,,,51.481068,-3.182845,Male,18-24,Mixed - White and Asian (M3),Asian,Misuse of Drugs Act 1971 (section 23),Controlled drugs,Nothing found - no further action,False,
Person search,2016-07-02T17:13:00+00:00,,,51.482989,-3.176976,Male,18-24,White - White British (W1),White,Misuse of Drugs Act 1971 (section 23),Controlled drugs,,False,
Person search,2016-07-02T20:38:00+00:00,,,51.482497,-3.174054,Male,25-34,,,,,,,
Person search,2016-07-02T21:31:00+00:00,,,51.600608,-3.340718,Male,18-24,White - White British (W1),White,Misuse of Drugs Act 1971 (section 23),Controlled drugs,Nothing found - no further action,False,
Person search,2016-07-02T22:51:00+00:00,,,,,Male,10-17,Asian or Asian British - Pakistani (A2),Asian,Police and Criminal Evidence Act 1984 (section 1),Article for use in theft,Nothing found - no further action,False,
Person search,2016-07-02T23:38:00+00:00,,,51.679200,-3.926630,Male,25-34,White - White British (W1),White,Misuse of Drugs Act 1971 (section 23),Controlled drugs,,False,
Person search,2016-07-02T23:47:00+00:00,,,,,,,,,,,,,
Person search,2016-07-03T00:14:00+00:00,,,,,,,,,,,,,
Person search,2016-07-03T00:15:00+00:00,,,51.413726,-3.203351,Male,10-17,,,Police and Criminal Evidence Act 1984 (section 1),Article for use in theft,Nothing found - no further action,False,
Person search,2016-07-03T00:59:00+00:00,,,51.688833,-3.553964,Male,over 34,White - White British (W1),White,Police and Criminal Evidence Act 1984 (section 1),Offensive weapons,Nothing found - no further action,False,
Person search,2016-07-03T10:11:00+00:00,,,,,Male,18-24,White - White British (W1),White,Misuse of Drugs Act 1971 (section 23),Controlled drugs,Offender given drugs possession warning,True,
Person search,2016-07-03T17:01:00+00:00,,,51.514012,-3.565272,Female,18-24,White - White British (W1),White,Police and Criminal Evidence Act 1984 (section 1),Controlled drugs,Offender given drugs possession warning,True,
Person search,2016-07-03T21:05:00+00:00,,,51.607734,-3.340278,Male,18-24,White - White British (W1),White,Misuse of Drugs Act 1971 (section 23),Controlled drugs,Nothing found - no further action,False,
Person search,2016-07-03T21:12:00+00:00,,,51.607734,-3.340278,Male,18-24,White - White British (W1),White,Misuse of Drugs Act 1971 (section 23),Controlled drugs,Offender given drugs possession warning,True,
Person search,2016-07-03T21:18:00+00:00,,,51.607734,-3.340278,Male,18-24,White - White British (W1),White,Misuse of Drugs Act 1971 (section 23),Controlled drugs,Offender given drugs possession warning,True,
Person search,2016-07-03T21:18:00+00:00,,,,,Male,10-17,Not Stated (NS),,Police and Criminal Evidence Act 1984 (section 1),Stolen goods,Nothing found - no further action,False,
Person and Vehicle search,2016-07-04T03:22:00+00:00,,,51.759233,-3.359380,Male,25-34,White - White British (W1),White,Police and Criminal Evidence Act 1984 (section 1),Stolen goods,Nothing found - no further action,False,
Person and Vehicle search,2016-07-04T03:22:00+00:00,,,51.759233,-3.359380,Male,over 34,White - White British (W1),White,Police and Criminal Evidence Act 1984 (section 1),Stolen goods,Nothing found - no further action,False,
Person and Vehicle search,2016-07-04T03:26:00+00:00,,,51.759233,-3.359380,Male,25-34,White - White British (W1),White,Police and Criminal Evidence Act 1984 (section 1),Stolen goods,Nothing found - no further action,False,
Person search,2016-07-04T03:28:00+00:00,,,51.759233,-3.359380,Male,25-34,White - White British (W1),White,Police and Criminal Evidence Act 1984 (section 1),Stolen goods,Nothing found - no further action,False,
Person search,2016-07-04T04:30:00+00:00,,,,,Female,25-34,White - White British (W1),White,Police and Criminal Evidence Act 1984 (section 1),Stolen goods,,False,
Person search,2016-07-04T09:10:00+00:00,,,51.613223,-4.023844,Male,18-24,Black or Black British - Any other Black ethnic background (B9),Black,Police and Criminal Evidence Act 1984 (section 1),Stolen goods,Nothing found - no further action,False,
Person and Vehicle search,2016-07-04T21:54:00+00:00,,,51.609241,-3.333521,Male,over 34,White - White British (W1),White,Police and Criminal Evidence Act 1984 (section 1),Article for use in theft,Nothing found - no further action,False,
Person and Vehicle search,2016-07-04T21:56:00+00:00,,,51.609241,-3.333521,Male,over 34,White - White British (W1),White,Police and Criminal Evidence Act 1984 (section 1),Article for use in theft,Nothing found - no further action,False,
Person search,2016-07-04T23:22:00+00:00,,,51.479883,-3.180870,Male,10-17,Not Stated (NS),,Police and Criminal Evidence Act 1984 (section 1),Stolen goods,Nothing found - no further action,False,
Person search,2016-07-05T04:39:00+00:00,,,51.753669,-3.408066,Male,25-34,Black or Black British - Caribbean (B1),Black,Misuse of Drugs Act 1971 (section 23),Controlled drugs,Nothing found - no further action,False,
Person search,2016-07-05T07:20:00+00:00,,,51.609080,-3.978382,Male,10-17,Asian or Asian British - Any other Asian ethnic background (A9),Asian,Misuse of Drugs Act 1971 (section 23),Controlled drugs,,False,
Person search,2016-07-05T07:27:00+00:00,,,51.609080,-3.978382,Male,10-17,White - White British (W1),White,Misuse of Drugs Act 1971 (section 23),Controlled drugs,Nothing found - no further action,False,
Person search,2016-07-05T10:07:00+00:00,,,51.537387,-3.537034,Male,10-17,,,Misuse of Drugs Act 1971 (section 23),Controlled drugs,Nothing found - no further action,False,
Person search,2016-07-05T11:52:00+00:00,,,51.625646,-3.459444,Male,over 34,White - White British (W1),White,Police and Criminal Evidence Act 1984 (section 1),Offensive weapons,Nothing found - no further action,False,
Person search,2016-07-05T14:52:00+00:00,,,51.503583,-3.559713,Male,18-24,White - White British (W1),White,Police and Criminal Evidence Act 1984 (section 1),Stolen goods,Nothing found - no further action,False,
Person search,2016-07-05T23:01:00+00:00,,,51.410563,-3.252012,Male,10-17,White - White British (W1),White,Police and Criminal Evidence Act 1984 (section 1),,Nothing found - no further action,False,
Person search,2016-07-05T23:05:00+00:00,,,51.410563,-3.252012,Male,10-17,White - White British (W1),White,Police and Criminal Evidence Act 1984 (section 1),Stolen goods,Nothing found - no further action,False,
Person search,2016-07-06T05:22:00+00:00,,,51.509690,-3.234251,Male,10-17,Asian or Asian British - Pakistani (A2),Asian,Police and Criminal Evidence Act 1984 (section 1),Article for use in theft,Nothing found - no further action,False,
Person search,2016-07-06T10:11:00+00:00,,,,,,,,,,,,,
Person and Vehicle search,2016-07-06T12:06:00+00:00,,,51.638064,-3.981508,Male,over 34,White - White British (W1),White,Police and Criminal Evidence Act 1984 (section 1),Stolen goods,Nothing found - no further action,False,
Person search,2016-07-06T12:22:00+00:00,,,51.480329,-3.242171,Male,over 34,White - White British (W1),White,Misuse of Drugs Act 1971 (section 23),Controlled drugs,Nothing found - no further action,False,
Person search,2016-07-06T14:24:00+00:00,,,51.659128,-3.868842,Male,25-34,White - Any other White ethnic background (W9),White,Police and Criminal Evidence Act 1984 (section 1),Article for use in theft,Nothing found - no further action,False,
Person search,2016-07-06T23:14:00+00:00,,,,,Male,10-17,,,Police and Criminal Evidence Act 1984 (section 1),,,False,
Person search,2016-07-07T00:13:00+00:00,,,51.407956,-3.272774,Male,10-17,White - White British (W1),White,Police and Criminal Evidence Act 1984 (section 1),Stolen goods,Nothing found - no further action,False,
Person search,2016-07-07T07:00:00+00:00,,,51.720190,-3.854377,Male,18-24,White - White British (W1),White,Police and Criminal Evidence Act 1984 (section 1),Article for use in theft,Nothing found - no further action,False,
Person search,2016-07-07T10:01:00+00:00,,,51.622250,-3.933852,Male,18-24,White - White British (W1),,Misuse of Drugs Act 1971 (section 23),Controlled drugs,Nothing found - no further action,False,
Person search,2016-07-07T13:51:00+00:00,,,51.505603,-3.577447,Male,25-34,White - White British (W1),White,Misuse of Drugs Act 1971 (section 23),Controlled drugs,Nothing found - no further action,False,
Person search,2016-07-07T20:54:00+00:00,,,,,Male,18-24,,,,,,,
Person search,2016-07-07T21:02:00+00:00,,,51.670519,-3.937267,Male,10-17,White - White British (W1),White,Police and Criminal Evidence Act 1984 (section 1),Offensive weapons,Nothing found - no further action,False,
Person search,2016-07-07T22:35:00+00:00,,,51.548070,-3.571647,Male,18-24,White - White British (W1),White,Misuse of Drugs Act 1971 (section 23),Controlled drugs,Offender given drugs possession warning,True,
Person and Vehicle search,2016-07-07T22:50:00+00:00,,,51.620501,-3.988442,Male,18-24,,White,Police and Criminal Evidence Act 1984 (section 1),Article for use in theft,Suspect arrested,True,
Person search,2016-07-07T22:58:00+00:00,,,51.548070,-3.571647,Male,18-24,White - White British (W1),White,Misuse of Drugs Act 1971 (section 23),Controlled drugs,Nothing found - no further action,False,
Person search,2016-07-07T23:12:00+00:00,,,51.548070,-3.571647,Male,18-24,White - White British (W1),White,Misuse of Drugs Act 1971 (section 23),Controlled drugs,Nothing found - no further action,False,
Person search,2016-07-08T00:31:00+00:00,,,,,Male,10-17,White - White British (W1),White,Police and Criminal Evidence Act 1984 (section 1),,,False,
Person search,2016-07-08T03:31:00+00:00,,,51.620501,-3.988442,Male,18-24,White - White British (W1),White,,Article for use in theft,Suspect arrested,False,
Person search,2016-07-08T08:13:00+00:00,,,51.599883,-3.341982,Male,over 34,White - White British (W1),White,Misuse of Drugs Act 1971 (section 23),Controlled drugs,Nothing found - no further action,False,
Person search,2016-07-08T15:11:00+00:00,,,51.659489,-3.924420,Male,over 34,White - White British (W1),White,Police and Criminal Evidence Act 1984 (section 1),Offensive weapons,Nothing found - no further action,False,
Person and Vehicle search,2016-07-08T18:05:00+00:00,,,51.514012,-3.565272,Female,18-24,White - White British (W1),White,Misuse of Drugs Act 1971 (section 23),Controlled drugs,Suspect arrested,True,
Person search,2016-07-08T20:44:00+00:00,,,51.579557,-4.174506,Female,18-24,White - White British (W1),White,Misuse of Drugs Act 1971 (section 23),Controlled drugs,Suspect summonsed to court,False,
Person search,2016-07-08T21:11:00+00:00,,,51.482974,-3.147639,Male,18-24,Asian or Asian British - Any other Asian ethnic background (A9),Asian,Misuse of Drugs Act 1971 (section 23),Controlled drugs,Nothing found - no further action,False,
Person search,2016-07-08T21:11:00+00:00,,,51.482974,-3.147639,Male,18-24,,White,Misuse of Drugs Act 1971 (section 23),,Nothing found - no further action,False,
Person search,2016-07-08T21:11:00+00:00,,,51.482974,-3.147639,Male,18-24,,White,Misuse of Drugs Act 1971 (section 23),Controlled drugs,Nothing found - no further action,False,
Person search,2016-07-08T22:45:00+00:00,,,51.657468,-3.808947,Male,over 34,White - White British (W1),White,Police and Criminal Evidence Act 1984 (section 1),Offensive weapons,Nothing found - no further action,False,
Person search,2016-07-08T23:18:00+00:00,,,51.666827,-3.925541,Female,25-34,White - White British (W1),White,Misuse of Drugs Act 1971 (section 23),Controlled drugs,Nothing found - no further action,False,
Person search,2016-07-08T23:18:00+00:00,,,51.666827,-3.925541,Male,25-34,White - White British (W1),White,Misuse of Drugs Act 1971 (section 23),Controlled drugs,Nothing found - no further action,False,
Person search,2016-07-09T01:17:00+00:00,,,51.649744,-3.816503,Male,over 34,White - White British (W1),White,Misuse of Drugs Act 1971 (section 23),Controlled drugs,Suspect arrested,True,
Person search,2016-07-09T02:12:00+00:00,,,51.629782,-3.977751,Male,over 34,White - White British (W1),White,Police and Criminal Evidence Act 1984 (section 1),Stolen goods,Suspect arrested,False,
Person search,2016-07-09T02:29:00+00:00,,,51.599928,-3.816391,Male,25-34,White - White British (W1),White,Misuse of Drugs Act 1971 (section 23),Controlled drugs,Nothing found - no further action,False,
Person search,2016-07-09T05:14:00+00:00,,,51.485140,-3.221591,Female,25-34,White - White British (W1),White,Police and Criminal Evidence Act 1984 (section 1),Article for use in theft,Nothing found - no further action,False,
Person search,2016-07-09T05:14:00+00:00,,,51.484528,-3.217298,Female,25-34,White - White British (W1),White,Police and Criminal Evidence Act 1984 (section 1),Article for use in theft,Nothing found - no further action,False,
Person search,2016-07-09T05:29:00+00:00,,,51.508593,-3.227478,Male,10-17,Not Stated (NS),Black,Police and Criminal Evidence Act 1984 (section 1),Article for use in theft,,False,
Person search,2016-07-09T05:32:00+00:00,,,,,Male,10-17,Not Stated (NS),Black,Police and Criminal Evidence Act 1984 (section 1),Article for use in theft,,False,
Person search,2016-07-09T07:53:00+00:00,,,51.494973,-3.143605,Male,over 34,White - White British (W1),White,Police and Criminal Evidence Act 1984 (section 1),Article for use in theft,Nothing found - no further action,False,
Person search,2016-07-09T09:49:00+00:00,,,,,,,,,,,,,
Person and Vehicle search,2016-07-09T10:25:00+00:00,,,51.764362,-3.340232,Male,25-34,Asian or Asian British - Pakistani (A2),Asian,Police and Criminal Evidence Act 1984 (section 1),Article for use in theft,Nothing found - no further action,False,
Person and Vehicle search,2016-07-09T10:31:00+00:00,,,51.568979,-3.419103,Male,18-24,White - White British (W1),White,Misuse of Drugs Act 1971 (section 23),Controlled drugs,Offender given drugs possession warning,True,
Person search,2016-07-09T10:34:00+00:00,,,51.568979,-3.419103,Male,18-24,White - White British (W1),White,Misuse of Drugs Act 1971 (section 23),Controlled drugs,Offender given drugs possession warning,True,
Person search,2016-07-09T11:53:00+00:00,,,51.621578,-3.942954,Female,over 34,White - White British (W1),White,Misuse of Drugs Act 1971 (section 23),Controlled drugs,Nothing found - no further action,False,
Person search,2016-07-09T16:37:00+00:00,,,51.410563,-3.252012,Male,10-17,White - White British (W1),White,Misuse of Drugs Act 1971 (section 23),Controlled drugs,Nothing found - no further action,False,
Person search,2016-07-09T16:48:00+00:00,,,51.410563,-3.252012,Male,10-17,White - White British (W1),White,Misuse of Drugs Act 1971 (section 23),Controlled drugs,Nothing found - no further action,False,
Person search,2016-07-09T16:51:00+00:00,,,51.410563,-3.252012,Male,10-17,White - White British (W1),White,Misuse of Drugs Act 1971 (section 23),Controlled drugs,Nothing found - no further action,False,
Person search,2016-07-09T16:53:00+00:00,,,51.410563,-3.252012,Male,10-17,White - White British (W1),White,Misuse of Drugs Act 1971 (section 23),Controlled drugs,Nothing found - no further action,False,
Person and Vehicle search,2016-07-09T18:08:00+00:00,,,51.582704,-4.062485,Male,18-24,White - White British (W1),White,Misuse of Drugs Act 1971 (section 23),Controlled drugs,Nothing found - no further action,False,
Person search,2016-07-09T18:48:00+00:00,,,51.621578,-3.942954,Male,over 34,Not Stated (NS),White,Misuse of Drugs Act 1971 (section 23),Controlled drugs,Nothing found - no further action,False,
Person search,2016-07-09T20:03:00+00:00,,,51.662675,-3.804802,Male,25-34,White - White British (W1),White,Police and Criminal Evidence Act 1984 (section 1),Stolen goods,Suspect arrested,False,
Person search,2016-07-09T20:16:00+00:00,,,51.594374,-3.327455,Male,10-17,White - White British (W1),White,Police and Criminal Evidence Act 1984 (section 1),Stolen goods,Nothing found - no further action,False,
Person and Vehicle search,2016-07-09T21:27:00+00:00,,,51.579557,-4.174506,Male,18-24,White - White British (W1),White,Misuse of Drugs Act 1971 (section 23),Controlled drugs,Offender given drugs possession warning,True,
Person search,2016-07-10T01:41:00+00:00,,,51.713120,-3.444078,Male,18-24,White - White British (W1),White,Misuse of Drugs Act 1971 (section 23),Controlled drugs,Nothing found - no further action,False,
Person search,2016-07-10T03:22:00+00:00,,,51.713560,-3.447784,Male,25-34,White - White British (W1),White,Misuse of Drugs Act 1971 (section 23),Controlled drugs,Suspect arrested,True,
Person search,2016-07-10T04:52:00+00:00,,,51.713120,-3.444078,,,,,,,,,
Person search,2016-07-10T20:53:00+00:00,,,51.477657,-3.214004,Male,18-24,Asian or Asian British - Any other Asian ethnic background (A9),Asian,Misuse of Drugs Act 1971 (section 23),Controlled drugs,,False,
Person search,2016-07-10T22:20:00+00:00,,,51.684915,-3.935640,Male,over 34,White - White British (W1),,Misuse of Drugs Act 1971 (section 23),Controlled drugs,,False,
Person search,2016-07-10T23:21:00+00:00,,,51.477069,-3.176377,Female,25-34,White - White British (W1),White,Misuse of Drugs Act 1971 (section 23),Controlled drugs,Nothing found - no further action,False,
Person and Vehicle search,2016-07-10T23:55:00+00:00,,,51.670672,-3.921366,Male,18-24,White - White British (W1),White,Misuse of Drugs Act 1971 (section 23),Controlled drugs,Nothing found - no further action,False,
Person search,2016-07-11T01:01:00+00:00,,,51.513392,-3.577947,Male,over 34,White - White British (W1),White,Misuse of Drugs Act 1971 (section 23),Controlled drugs,Nothing found - no further action,False,
Person and Vehicle search,2016-07-11T01:08:00+00:00,,,51.517265,-3.582203,Male,25-34,White - White British (W1),White,Misuse of Drugs Act 1971 (section 23),Controlled drugs,Suspect arrested,True,
Person search,2016-07-11T02:35:00+00:00,,,51.527055,-3.595632,Male,25-34,White - White British (W1),White,Misuse of Drugs Act 1971 (section 23),Controlled drugs,Suspect arrested,True,
Person and Vehicle search,2016-07-11T13:17:00+00:00,,,51.628298,-3.971922,Male,over 34,White - White British (W1),White,Misuse of Drugs Act 1971 (section 23),Controlled drugs,Nothing found - no further action,False,
Person search,2016-07-11T15:21:00+00:00,,,51.765006,-3.383189,Male,25-34,White - White British (W1),White,Misuse of Drugs Act 1971 (section 23),Controlled drugs,Nothing found - no further action,False,
Person search,2016-07-11T18:17:00+00:00,,,51.629782,-3.977751,Male,over 34,White - White British (W1),White,Police and Criminal Evidence Act 1984 (section 1),,Nothing found - no further action,False,
Person search,2016-07-11T22:02:00+00:00,,,,,Male,18-24,White - White British (W1),White,Police and Criminal Evidence Act 1984 (section 1),Offensive weapons,Suspect arrested,False,
Person search,2016-07-12T00:59:00+00:00,,,51.534428,-3.131632,Male,25-34,Mixed - Any other Mixed ethnic background (M9),,Police and Criminal Evidence Act 1984 (section 1),Article for use in theft,Nothing found - no further action,False,
Person search,2016-07-12T02:01:00+00:00,,,51.648169,-3.938569,Male,18-24,White - White British (W1),White,Misuse of Drugs Act 1971 (section 23),Controlled drugs,Nothing found - no further action,False,
Person search,2016-07-12T04:03:00+00:00,,,51.468269,-3.204455,Male,25-34,White - White British (W1),White,Police and Criminal Evidence Act 1984 (section 1),Stolen goods,Nothing found - no further action,False,
Person search,2016-07-12T04:07:00+00:00,,,51.468269,-3.204455,Female,25-34,White - White British (W1),White,Police and Criminal Evidence Act 1984 (section 1),Stolen goods,Nothing found - no further action,False,
Person search,2016-07-12T04:12:00+00:00,,,51.468269,-3.204455,Female,25-34,White - White British (W1),White,Police and Criminal Evidence Act 1984 (section 1),Stolen goods,Nothing found - no further action,False,
Person search,2016-07-12T04:15:00+00:00,,,51.465736,-3.193634,Female,18-24,White - White British (W1),White,Police and Criminal Evidence Act 1984 (section 1),Stolen goods,Nothing found - no further action,False,
Person search,2016-07-12T11:09:00+00:00,,,51.479122,-3.156255,Male,18-24,,,Police and Criminal Evidence Act 1984 (section 1),Article for use in theft,Suspect arrested,False,
Person search,2016-07-12T11:16:00+00:00,,,51.618244,-3.943332,Male,25-34,White - White British (W1),White,Misuse of Drugs Act 1971 (section 23),Controlled drugs,,False,
Person search,2016-07-12T13:30:00+00:00,,,51.513886,-3.114291,Male,over 34,White - White British (W1),White,Misuse of Drugs Act 1971 (section 23),Controlled drugs,Nothing found - no further action,False,
Person search,2016-07-12T21:51:00+00:00,,,51.732550,-3.367529,Male,over 34,White - White British (W1),White,Police and Criminal Evidence Act 1984 (section 1),Offensive weapons,Nothing found - no further action,False,
Person search,2016-07-12T22:40:00+00:00,,,51.478594,-3.178576,Male,over 34,,,,,,,
Person search,2016-07-12T23:49:00+00:00,,,51.483915,-3.220968,Male,18-24,White - White British (W1),White,Misuse of Drugs Act 1971 (section 23),Controlled drugs,Offender given drugs possession warning,True,
Person search,2016-07-12T23:50:00+00:00,,,51.485140,-3.221591,Male,,,,,,,,
Person search,2016-07-12T23:52:00+00:00,,,51.485140,-3.221591,Male,10-17,White - White British (W1),White,Misuse of Drugs Act 1971 (section 23),Controlled drugs,,False,
Person search,2016-07-13T01:34:00+00:00,,,51.619215,-3.988458,Male,over 34,White - White British (W1),White,Police and Criminal Evidence Act 1984 (section 1),Article for use in theft,Nothing found - no further action,False,
Person search,2016-07-13T04:46:00+00:00,,,51.472745,-3.179894,Male,18-24,White - Any other White ethnic background (W9),White,Police and Criminal Evidence Act 1984 (section 1),Stolen goods,Nothing found - no further action,False,
Person search,2016-07-13T04:53:00+00:00,,,51.472745,-3.179894,Male,18-24,White - Any other White ethnic background (W9),White,Police and Criminal Evidence Act 1984 (section 1),Stolen goods,Nothing found - no further action,False,
Person search,2016-07-13T12:27:00+00:00,,,51.509326,-3.580718,Female,25-34,White - White British (W1),White,Misuse of Drugs Act 1971 (section 23),Controlled drugs,Nothing found - no further action,False,
Person search,2016-07-13T13:59:00+00:00,,,51.471810,-3.184333,Male,over 34,White - Any other White ethnic background (W9),White,Police and Criminal Evidence Act 1984 (section 1),Article for use in theft,,False,
Person search,2016-07-13T14:00:00+00:00,,,51.484111,-3.142613,Male,10-17,White - White British (W1),White,Misuse of Drugs Act 1971 (section 23),Controlled drugs,,False,
Person search,2016-07-13T14:04:00+00:00,,,51.484111,-3.142613,Male,18-24,Asian or Asian British - Bangladeshi (A3),Asian,Misuse of Drugs Act 1971 (section 23),Controlled drugs,Offender given penalty notice,False,
Person search,2016-07-13T14:08:00+00:00,,,51.482314,-3.137888,Male,18-24,White - White British (W1),White,Police and Criminal Evidence Act 1984 (section 1),Stolen goods,,False,
Person search,2016-07-13T14:10:00+00:00,,,51.471810,-3.184333,Male,over 34,White - Any other White ethnic background (W9),White,Police and Criminal Evidence Act 1984 (section 1),Article for use in theft,Nothing found - no further action,False,
Person search,2016-07-13T14:12:00+00:00,,,51.482314,-3.137888,Male,18-24,White - White British (W1),White,Police and Criminal Evidence Act 1984 (section 1),Stolen goods,,False,
Person search,2016-07-13T15:49:00+00:00,,,51.749985,-3.393552,Male,25-34,White - White British (W1),White,Police and Criminal Evidence Act 1984 (section 1),Stolen goods,Nothing found - no further action,False,
Person search,2016-07-13T15:49:00+00:00,,,51.749985,-3.393552,Female,25-34,White - White British (W1),White,Police and Criminal Evidence Act 1984 (section 1),Stolen goods,Nothing found - no further action,False,
Person search,2016-07-13T19:04:00+00:00,,,,,,,,,,,,,
Person search,2016-07-13T19:04:00+00:00,,,51.619265,-3.967341,,,,,,,,,
Person search,2016-07-13T22:23:00+00:00,,,,,,,,,,,,,
Person search,2016-07-13T23:27:00+00:00,,,51.486632,-3.152398,Male,25-34,White - White British (W1),White,Police and Criminal Evidence Act 1984 (section 1),Article for use in theft,Nothing found - no further action,False,
Person search,2016-07-13T23:47:00+00:00,,,51.518167,-3.242984,Male,18-24,White - White British (W1),White,Misuse of Drugs Act 1971 (section 23),Controlled drugs,Nothing found - no further action,False,
Person search,2016-07-14T00:09:00+00:00,,,51.478594,-3.178576,Male,10-17,Black or Black British - Any other Black ethnic background (B9),Black,Misuse of Drugs Act 1971 (section 23),Controlled drugs,Nothing found - no further action,False,
Person search,2016-07-14T00:09:00+00:00,,,51.481068,-3.182845,Male,10-17,White - White British (W1),White,Misuse of Drugs Act 1971 (section 23),Controlled drugs,Nothing found - no further action,False,
Person and Vehicle search,2016-07-14T00:19:00+00:00,,,51.712806,-3.444734,Male,18-24,White - White British (W1),White,Police and Criminal Evidence Act 1984 (section 1),Stolen goods,Nothing found - no further action,False,
Person search,2016-07-14T00:29:00+00:00,,,51.481649,-3.201754,Male,over 34,White - White British (W1),White,Police and Criminal Evidence Act 1984 (section 1),Article for use in theft,Nothing found - no further action,False,
Person search,2016-07-14T01:59:00+00:00,,,,,Male,25-34,White - White British (W1),White,Misuse of Drugs Act 1971 (section 23),Controlled drugs,Nothing found - no further action,False,
Person search,2016-07-14T03:26:00+00:00,,,51.499867,-3.200865,Male,over 34,White - White British (W1),White,Police and Criminal Evidence Act 1984 (section 1),Article for use in theft,Nothing found - no further action,False,
Person search,2016-07-14T05:20:00+00:00,,,51.746101,-3.410858,Female,25-34,White - White British (W1),White,Police and Criminal Evidence Act 1984 (section 1),Stolen goods,,False,
Person search,2016-07-14T05:25:00+00:00,,,51.746101,-3.410858,Male,25-34,White - White British (W1),White,Police and Criminal Evidence Act 1984 (section 1),Stolen goods,,False,
Person search,2016-07-14T09:11:00+00:00,,,51.479605,-3.177277,Male,18-24,White - White British (W1),White,Police and Criminal Evidence Act 1984 (section 1),Article for use in theft,Nothing found - no further action,False,
Person search,2016-07-14T09:30:00+00:00,,,51.605381,-3.339285,Male,18-24,White - White British (W1),White,Misuse of Drugs Act 1971 (section 23),Controlled drugs,,False,
Person search,2016-07-14T09:32:00+00:00,,,51.605381,-3.339285,Male,25-34,White - White British (W1),White,Misuse of Drugs Act 1971 (section 23),Controlled drugs,Nothing found - no further action,False,
Person search,2016-07-14T09:33:00+00:00,,,51.605381,-3.339285,Male,18-24,White - White British (W1),White,Misuse of Drugs Act 1971 (section 23),Controlled drugs,,False,
Person and Vehicle search,2016-07-14T11:58:00+00:00,,,51.549151,-3.271765,Male,over 34,White - White British (W1),White,Misuse of Drugs Act 1971 (section 23),Controlled drugs,Nothing found - no further action,False,
Person search,2016-07-14T12:27:00+00:00,,,51.509326,-3.580718,Female,over 34,White - White British (W1),White,Misuse of Drugs Act 1971 (section 23),Controlled drugs,Suspect arrested,True,
Person search,2016-07-14T13:18:00+00:00,,,51.503625,-3.613098,Male,over 34,White - White British (W1),White,Police and Criminal Evidence Act 1984 (section 1),Offensive weapons,,False,
Person search,2016-07-14T13:58:00+00:00,,,51.517265,-3.582203,Male,25-34,White - White British (W1),White,Misuse of Drugs Act 1971 (section 23),Controlled drugs,Nothing found - no further action,False,
Person search,2016-07-14T14:02:00+00:00,,,51.609224,-3.642633,Male,over 34,White - White British (W1),White,Misuse of Drugs Act 1971 (section 23),Controlled drugs,Nothing found - no further action,False,
Person search,2016-07-14T21:10:00+00:00,,,51.594374,-3.327455,Male,18-24,White - White British (W1),White,Misuse of Drugs Act 1971 (section 23),Controlled drugs,Offender given drugs possession warning,True,
Person search,2016-07-15T03:29:00+00:00,,,51.590042,-3.324109,Male,18-24,Not Stated (NS),Asian,Misuse of Drugs Act 1971 (section 23),Controlled drugs,Nothing found - no further action,False,
Person search,2016-07-15T03:49:00+00:00,,,51.594374,-3.327455,Male,over 34,White - White British (W1),White,Police and Criminal Evidence Act 1984 (section 1),Article for use in theft,Nothing found - no further action,False,
Person search,2016-07-15T09:58:00+00:00,,,51.502858,-3.539733,Male,25-34,White - White British (W1),White,Misuse of Drugs Act 1971 (section 23),Controlled drugs,Offender given drugs possession warning,True,
Person search,2016-07-15T13:06:00+00:00,,,51.620387,-3.938844,Male,over 34,White - White British (W1),White,Police and Criminal Evidence Act 1984 (section 1),Stolen goods,Nothing found - no further action,False,
Person search,2016-07-15T13:16:00+00:00,,,51.620387,-3.938844,Male,over 34,White - White British (W1),White,Police and Criminal Evidence Act 1984 (section 1),Stolen goods,Nothing found - no further action,False,
Person and Vehicle search,2016-07-15T15:01:00+00:00,,,51.625352,-3.957173,Female,18-24,White - White British (W1),White,Misuse of Drugs Act 1971 (section 23),Controlled drugs,Offender given drugs possession warning,True,
Person and Vehicle search,2016-07-15T15:17:00+00:00,,,51.625352,-3.957173,Male,18-24,White - White British (W1),White,Misuse of Drugs Act 1971 (section 23),Controlled drugs,Offender given drugs possession warning,True,
Person and Vehicle search,2016-07-15T15:23:00+00:00,,,51.625352,-3.957173,Male,18-24,White - White British (W1),White,Misuse of Drugs Act 1971 (section 23),Controlled drugs,Suspect arrested,True,
Person and Vehicle search,2016-07-15T15:55:00+00:00,,,51.625352,-3.957173,Male,18-24,White - White British (W1),White,Misuse of Drugs Act 1971 (section 23),Controlled drugs,Offender given drugs possession warning,True,
Person search,2016-07-16T00:06:00+00:00,,,51.531819,-3.098668,Male,10-17,,,,,,,
Person search,2016-07-16T01:07:00+00:00,,,51.616866,-3.763564,Male,10-17,White - White British (W1),White,Misuse of Drugs Act 1971 (section 23),Controlled drugs,Nothing found - no further action,False,
Person search,2016-07-16T01:23:00+00:00,,,,,Male,25-34,White - White British (W1),White,Police and Criminal Evidence Act 1984 (section 1),,Nothing found - no further action,False,
Person search,2016-07-16T01:53:00+00:00,,,51.618957,-3.937728,Male,18-24,White - White British (W1),White,Misuse of Drugs Act 1971 (section 23),Controlled drugs,Nothing found - no further action,False,
Person search,2016-07-16T02:08:00+00:00,,,51.669268,-4.037160,Male,18-24,White - White British (W1),White,Police and Criminal Evidence Act 1984 (section 1),Articles for use in criminal damage,Nothing found - no further action,False,
Person search,2016-07-16T02:12:00+00:00,,,51.669471,-4.042086,Male,10-17,White - White British (W1),White,Police and Criminal Evidence Act 1984 (section 1),Articles for use in criminal damage,Nothing found - no further action,False,
Person search,2016-07-16T02:16:00+00:00,,,51.669471,-4.042086,Male,18-24,White - White British (W1),White,Police and Criminal Evidence Act 1984 (section 1),Articles for use in criminal damage,Nothing found - no further action,False,
Person search,2016-07-16T02:21:00+00:00,,,51.669471,-4.042086,,18-24,White - White British (W1),White,Police and Criminal Evidence Act 1984 (section 1),Articles for use in criminal damage,Nothing found - no further action,False,
Person and Vehicle search,2016-07-16T16:50:00+00:00,,,51.574736,-4.003906,Male,18-24,White - White British (W1),White,Misuse of Drugs Act 1971 (section 23),Controlled drugs,Nothing found - no further action,False,
Person search,2016-07-16T22:17:00+00:00,,,51.669024,-3.361247,Male,25-34,White - White British (W1),White,Misuse of Drugs Act 1971 (section 23),Controlled drugs,,False,
Person search,2016-07-16T22:36:00+00:00,,,51.654005,-3.809012,Male,over 34,White - White British (W1),White,Police and Criminal Evidence Act 1984 (section 1),Stolen goods,Suspect arrested,True,
Person and Vehicle search,2016-07-16T22:54:00+00:00,,,51.673422,-3.369651,Male,18-24,White - White British (W1),White,Misuse of Drugs Act 1971 (section 23),Controlled drugs,Offender given drugs possession warning,True,
Person search,2016-07-16T23:36:00+00:00,,,51.652249,-3.333525,Female,25-34,White - White British (W1),White,Police and Criminal Evidence Act 1984 (section 1),Stolen goods,Suspect arrested,True,
Person search,2016-07-17T05:31:00+00:00,,,51.496230,-3.164784,Male,over 34,White - White British (W1),White,Police and Criminal Evidence Act 1984 (section 1),Article for use in theft,Suspect arrested,False,
Person and Vehicle search,2016-07-17T06:16:00+00:00,,,51.576755,-3.565594,Male,over 34,White - White British (W1),White,Misuse of Drugs Act 1971 (section 23),Controlled drugs,Suspect arrested,False,
Person search,2016-07-17T08:41:00+00:00,,,51.594937,-3.783577,Male,over 34,White - White British (W1),White,Police and Criminal Evidence Act 1984 (section 1),Stolen goods,Nothing found - no further action,False,
Person search,2016-07-17T11:06:00+00:00,,,51.466064,-3.202842,Male,25-34,White - White British (W1),White,Police and Criminal Evidence Act 1984 (section 1),Stolen goods,,False,
Person search,2016-07-17T11:42:00+00:00,,,51.590532,-3.539679,Male,over 34,White - White British (W1),White,Police and Criminal Evidence Act 1984 (section 1),Stolen goods,Nothing found - no further action,False,
Person and Vehicle search,2016-07-17T11:46:00+00:00,,,51.476545,-3.184715,Male,18-24,Not Stated (NS),,Misuse of Drugs Act 1971 (section 23),Controlled drugs,,False,
Person and Vehicle search,2016-07-17T11:47:00+00:00,,,51.476545,-3.184715,Male,18-24,Not Stated (NS),,Police and Criminal Evidence Act 1984 (section 1),Controlled drugs,,False,
Person search,2016-07-17T11:52:00+00:00,,,51.476545,-3.184715,Male,18-24,White - White British (W1),White,Misuse of Drugs Act 1971 (section 23),Controlled drugs,,False,
Person search,2016-07-17T13:01:00+00:00,,,51.480217,-3.237502,Female,18-24,White - White British (W1),White,Police and Criminal Evidence Act 1984 (section 1),Stolen goods,Offender given drugs possession warning,False,
Person search,2016-07-17T13:16:00+00:00,,,51.480217,-3.237502,Male,10-17,White - White British (W1),White,Police and Criminal Evidence Act 1984 (section 1),Stolen goods,Nothing found - no further action,False,
Person search,2016-07-17T13:59:00+00:00,,,51.480217,-3.237502,Male,10-17,White - White British (W1),White,Police and Criminal Evidence Act 1984 (section 1),Stolen goods,Nothing found - no further action,False,
Person search,2016-07-17T15:17:00+00:00,,,51.475632,-3.265125,Male,10-17,White - White British (W1),White,Police and Criminal Evidence Act 1984 (section 1),Stolen goods,,False,
Person search,2016-07-17T17:29:00+00:00,,,51.475105,-3.266464,Male,18-24,White - White British (W1),White,Police and Criminal Evidence Act 1984 (section 1),Stolen goods,Suspect arrested,False,
Person search,2016-07-17T18:07:00+00:00,,,51.729625,-3.751733,Male,over 34,White - White British (W1),White,Police and Criminal Evidence Act 1984 (section 1),Stolen goods,Nothing found - no further action,False,
Person search,2016-07-17T18:17:00+00:00,,,51.680277,-3.378638,Female,10-17,White - White British (W1),White,Misuse of Drugs Act 1971 (section 23),Controlled drugs,Nothing found - no further action,False,
Person search,2016-07-17T18:21:00+00:00,,,51.680277,-3.378638,Male,10-17,White - White British (W1),White,Misuse of Drugs Act 1971 (section 23),Controlled drugs,Nothing found - no further action,False,
Person search,2016-07-17T18:24:00+00:00,,,51.664138,-3.806133,Male,over 34,White - White British (W1),White,Police and Criminal Evidence Act 1984 (section 1),Stolen goods,Nothing found - no further action,False,
Person search,2016-07-17T18:31:00+00:00,,,51.569525,-3.307901,Male,18-24,White - White British (W1),White,Misuse of Drugs Act 1971 (section 23),Controlled drugs,Offender given penalty notice,True,
Person search,2016-07-17T18:49:00+00:00,,,51.643197,-3.961237,Male,10-17,White - White British (W1),White,Misuse of Drugs Act 1971 (section 23),Controlled drugs,Offender given drugs possession warning,True,
Person search,2016-07-17T19:02:00+00:00,,,51.643197,-3.961237,Male,10-17,White - White British (W1),White,Misuse of Drugs Act 1971 (section 23),Controlled drugs,Nothing found - no further action,False,
Person and Vehicle search,2016-07-17T19:21:00+00:00,,,51.531267,-3.724959,Male,over 34,White - White British (W1),White,Police and Criminal Evidence Act 1984 (section 1),Controlled drugs,Nothing found - no further action,False,
Person and Vehicle search,2016-07-17T19:26:00+00:00,,,51.763354,-3.381472,Male,18-24,White - White British (W1),White,Police and Criminal Evidence Act 1984 (section 1),Stolen goods,Suspect summonsed to court,False,
Person search,2016-07-17T19:28:00+00:00,,,51.531267,-3.724959,Male,18-24,Not Stated (NS),,Police and Criminal Evidence Act 1984 (section 1),Controlled drugs,Nothing found - no further action,False,
Person search,2016-07-17T19:42:00+00:00,,,51.746393,-3.379448,Female,over 34,White - White British (W1),White,Police and Criminal Evidence Act 1984 (section 1),Offensive weapons,Suspect arrested,False,
Person search,2016-07-17T19:55:00+00:00,,,51.752905,-3.381559,Male,over 34,White - White British (W1),White,Misuse of Drugs Act 1971 (section 23),Controlled drugs,Suspect arrested,False,
Person search,2016-07-18T02:21:00+00:00,,,51.479883,-3.180870,Male,10-17,White - White British (W1),White,Misuse of Drugs Act 1971 (section 23),Controlled drugs,Suspect arrested,False,
Person search,2016-07-18T02:34:00+00:00,,,51.670672,-3.921366,Female,25-34,White - White British (W1),White,Misuse of Drugs Act 1971 (section 23),Controlled drugs,Nothing found - no further action,False,
Person search,2016-07-18T04:27:00+00:00,,,51.645825,-3.330663,Male,25-34,White - White British (W1),White,Misuse of Drugs Act 1971 (section 23),Controlled drugs,Nothing found - no further action,False,
Person search,2016-07-18T13:25:00+00:00,,,51.479408,-3.192277,Male,10-17,White - White British (W1),White,Misuse of Drugs Act 1971 (section 23),Controlled drugs,Nothing found - no further action,False,
Person search,2016-07-18T14:20:00+00:00,,,51.476705,-3.202546,Male,25-34,White - White British (W1),White,Police and Criminal Evidence Act 1984 (section 1),Stolen goods,Nothing found - no further action,False,
Person search,2016-07-18T16:03:00+00:00,,,51.630591,-3.953598,Male,over 34,White - White British (W1),White,Misuse of Drugs Act 1971 (section 23),Controlled drugs,Nothing found - no further action,False,
Person search,2016-07-18T16:06:00+00:00,,,51.630591,-3.953598,Male,25-34,White - White British (W1),White,Misuse of Drugs Act 1971 (section 23),Controlled drugs,Nothing found - no further action,False,
Person search,2016-07-18T19:33:00+00:00,,,51.643576,-3.974073,Male,25-34,White - White British (W1),White,Misuse of Drugs Act 1971 (section 23),Controlled drugs,Nothing found - no further action,False,
Person search,2016-07-18T19:46:00+00:00,,,51.643576,-3.974073,Male,25-34,White - Any other White ethnic background (W9),White,Misuse of Drugs Act 1971 (section 23),Controlled drugs,Nothing found - no further action,False,
Person search,2016-07-18T20:30:00+00:00,,,51.482396,-3.229467,Male,10-17,Not Stated (NS),Black,Misuse of Drugs Act 1971 (section 23),Controlled drugs,Nothing found - no further action,False,
Person search,2016-07-18T20:32:00+00:00,,,51.523734,-3.113133,Male,25-34,White - White British (W1),White,Misuse of Drugs Act 1971 (section 23),Controlled drugs,Nothing found - no further action,False,
Person search,2016-07-18T20:37:00+00:00,,,51.523734,-3.113133,Male,25-34,Not Stated (NS),,Misuse of Drugs Act 1971 (section 23),Controlled drugs,Nothing found - no further action,False,
Person search,2016-07-18T20:40:00+00:00,,,51.664141,-3.512648,Male,over 34,White - White British (W1),White,Police and Criminal Evidence Act 1984 (section 1),Offensive weapons,Suspect arrested,False,
Person search,2016-07-18T22:35:00+00:00,,,51.400101,-3.264132,Male,over 34,White - White British (W1),White,Police and Criminal Evidence Act 1984 (section 1),Stolen goods,,False,
Person search,2016-07-18T22:51:00+00:00,,,51.508129,-3.577491,Male,25-34,White - White British (W1),White,,Offensive weapons,Suspect arrested,False,
Person search,2016-07-18T23:15:00+00:00,,,51.670672,-3.921366,Male,18-24,Black or Black British - African (B2),Black,Police and Criminal Evidence Act 1984 (section 1),Firearms,,False,
Person search,2016-07-18T23:47:00+00:00,,,51.586179,-3.772884,Male,over 34,White - White British (W1),White,Police and Criminal Evidence Act 1984 (section 1),Stolen goods,Suspect arrested,False,
Person search,2016-07-19T01:37:00+00:00,,,51.591156,-3.779704,Male,over 34,White - White British (W1),White,Police and Criminal Evidence Act 1984 (section 1),Article for use in theft,Nothing found - no further action,False,
Person search,2016-07-19T03:23:00+00:00,,,51.478822,-3.173758,Male,25-34,Black or Black British - African (B2),Black,Police and Criminal Evidence Act 1984 (section 1),Offensive weapons,Nothing found - no further action,False,
Person search,2016-07-19T04:37:00+00:00,,,,,Male,over 34,White - White British (W1),White,Police and Criminal Evidence Act 1984 (section 1),Article for use in theft,Nothing found - no further action,False,
Person search,2016-07-19T13:58:00+00:00,,,51.486841,-3.212808,Male,25-34,White - White British (W1),White,Misuse of Drugs Act 1971 (section 23),Controlled drugs,,False,
Person search,2016-07-19T16:08:00+00:00,,,51.609023,-3.658858,Male,over 34,Mixed - Any other Mixed ethnic background (M9),White,Police and Criminal Evidence Act 1984 (section 1),Controlled drugs,Nothing found - no further action,False,
Person search,2016-07-19T18:22:00+00:00,,,51.476545,-3.184715,Male,18-24,White - White British (W1),White,Police and Criminal Evidence Act 1984 (section 1),Stolen goods,Nothing found - no further action,False,
Person and Vehicle search,2016-07-19T18:29:00+00:00,,,51.476545,-3.184715,Male,18-24,White - White British (W1),White,Police and Criminal Evidence Act 1984 (section 1),Stolen goods,Suspect arrested,False,
Person search,2016-07-20T10:12:00+00:00,,,51.622101,-3.947758,Male,25-34,White - White British (W1),White,Misuse of Drugs Act 1971 (section 23),Controlled drugs,Nothing found - no further action,False,
Person search,2016-07-20T11:25:00+00:00,,,51.621578,-3.942954,Male,over 34,White - White British (W1),White,Misuse of Drugs Act 1971 (section 23),Controlled drugs,,False,
Person search,2016-07-20T11:48:00+00:00,,,,,Male,10-17,White - White British (W1),White,Misuse of Drugs Act 1971 (section 23),Controlled drugs,Suspect arrested,True,
Person search,2016-07-20T11:54:00+00:00,,,51.621320,-3.815859,Male,over 34,White - White British (W1),White,Misuse of Drugs Act 1971 (section 23),Controlled drugs,Suspect arrested,True,
Person and Vehicle search,2016-07-20T13:12:00+00:00,,,51.519955,-3.501393,Male,over 34,White - White British (W1),White,Misuse of Drugs Act 1971 (section 23),Controlled drugs,Suspect arrested,True,
Person search,2016-07-20T15:38:00+00:00,,,51.617733,-3.946517,Male,18-24,White - White British (W1),White,Misuse of Drugs Act 1971 (section 23),Controlled drugs,Offender given drugs possession warning,True,
Person search,2016-07-20T15:48:00+00:00,,,51.609023,-3.658858,Male,over 34,White - White British (W1),White,Police and Criminal Evidence Act 1984 (section 1),Controlled drugs,Nothing found - no further action,False,
Person search,2016-07-20T15:53:00+00:00,,,51.507975,-3.568206,Male,18-24,White - White British (W1),White,Misuse of Drugs Act 1971 (section 23),Controlled drugs,Nothing found - no further action,False,
Person and Vehicle search,2016-07-20T16:42:00+00:00,,,51.510341,-3.567452,Male,over 34,White - White British (W1),White,Misuse of Drugs Act 1971 (section 23),Controlled drugs,Offender given drugs possession warning,True,
Person and Vehicle search,2016-07-20T16:48:00+00:00,,,51.510341,-3.567452,Male,18-24,White - White British (W1),White,Misuse of Drugs Act 1971 (section 23),Controlled drugs,Offender given drugs possession warning,True,
Person search,2016-07-20T17:01:00+00:00,,,51.481140,-3.179290,Male,18-24,White - White British (W1),White,,Controlled drugs,Nothing found - no further action,False,
Person search,2016-07-20T17:01:00+00:00,,,51.481140,-3.179290,Male,18-24,White - White British (W1),White,Misuse of Drugs Act 1971 (section 23),Controlled drugs,Nothing found - no further action,False,
Person search,2016-07-20T18:38:00+00:00,,,51.479408,-3.192277,Male,10-17,Black or Black British - Any other Black ethnic background (B9),Black,Misuse of Drugs Act 1971 (section 23),Controlled drugs,Nothing found - no further action,False,
Person search,2016-07-20T19:25:00+00:00,,,51.599883,-3.341982,Male,18-24,White - White British (W1),White,Police and Criminal Evidence Act 1984 (section 1),Stolen goods,Suspect arrested,False,
Person search,2016-07-20T19:34:00+00:00,,,51.599883,-3.341982,Male,10-17,White - White British (W1),White,Police and Criminal Evidence Act 1984 (section 1),Stolen goods,Suspect arrested,True,
Person search,2016-07-20T19:47:00+00:00,,,51.615202,-4.004475,Female,over 34,White - White British (W1),White,Police and Criminal Evidence Act 1984 (section 1),Offensive weapons,Suspect arrested,False,
Person search,2016-07-20T22:58:00+00:00,,,51.519764,-3.087727,Male,18-24,White - White British (W1),White,Misuse of Drugs Act 1971 (section 23),Controlled drugs,Offender given drugs possession warning,True,
Person search,2016-07-21T00:05:00+00:00,,,51.502749,-3.207395,Male,10-17,White - White British (W1),White,Police and Criminal Evidence Act 1984 (section 1),Stolen goods,,False,
Person search,2016-07-21T02:09:00+00:00,,,,,Female,18-24,White - White British (W1),White,Police and Criminal Evidence Act 1984 (section 1),Stolen goods,Nothing found - no further action,False,
Person search,2016-07-21T05:07:00+00:00,,,51.589543,-3.803490,Male,18-24,White - White British (W1),White,Police and Criminal Evidence Act 1984 (section 1),Offensive weapons,Nothing found - no further action,False,
Person search,2016-07-21T13:11:00+00:00,,,51.664275,-3.916598,Male,over 34,White - White British (W1),White,Misuse of Drugs Act 1971 (section 23),Controlled drugs,Nothing found - no further action,False,
Person and Vehicle search,2016-07-21T15:39:00+00:00,,,51.463460,-3.191991,Male,over 34,,White,Misuse of Drugs Act 1971 (section 23),Controlled drugs,,False,
Person search,2016-07-21T15:43:00+00:00,,,51.514878,-3.584498,Male,25-34,White - White British (W1),White,Misuse of Drugs Act 1971 (section 23),Controlled drugs,Nothing found - no further action,False,
Person search,2016-07-21T21:18:00+00:00,,,51.612018,-3.408357,Male,25-34,White - White British (W1),White,Misuse of Drugs Act 1971 (section 23),Controlled drugs,Nothing found - no further action,False,
Person search,2016-07-22T10:51:00+00:00,,,51.474798,-3.232863,Female,10-17,White - White British (W1),White,Misuse of Drugs Act 1971 (section 23),Controlled drugs,,False,
Person search,2016-07-22T15:57:00+00:00,,,51.390745,-3.276968,Male,18-24,White - White British (W1),White,Police and Criminal Evidence Act 1984 (section 1),,,False,
Person search,2016-07-22T16:05:00+00:00,,,51.410563,-3.252012,Male,10-17,White - White British (W1),White,Police and Criminal Evidence Act 1984 (section 1),,Nothing found - no further action,,
Person search,2016-07-22T16:05:00+00:00,,,51.410563,-3.252012,Male,10-17,White - White British (W1),White,Police and Criminal Evidence Act 1984 (section 1),,Nothing found - no further action,,
Person and Vehicle search,2016-07-22T19:57:00+00:00,,,51.522277,-3.188280,Male,10-17,White - White British (W1),White,Misuse of Drugs Act 1971 (section 23),Controlled drugs,,False,
Person and Vehicle search,2016-07-22T20:11:00+00:00,,,51.597266,-3.334137,Male,over 34,White - White British (W1),White,Misuse of Drugs Act 1971 (section 23),Controlled drugs,Nothing found - no further action,False,
Person and Vehicle search,2016-07-22T20:12:00+00:00,,,51.522277,-3.188280,Male,10-17,Black or Black British - Any other Black ethnic background (B9),Black,Misuse of Drugs Act 1971 (section 23),Controlled drugs,,False,
Person and Vehicle search,2016-07-22T20:26:00+00:00,,,51.597266,-3.334137,Female,25-34,White - White British (W1),White,Misuse of Drugs Act 1971 (section 23),Controlled drugs,Nothing found - no further action,False,
Person and Vehicle search,2016-07-22T20:30:00+00:00,,,51.597266,-3.334137,Male,25-34,White - White British (W1),White,Misuse of Drugs Act 1971 (section 23),Controlled drugs,Nothing found - no further action,False,
Person search,2016-07-23T02:05:00+00:00,,,51.421001,-3.276330,Male,18-24,White - White British (W1),White,Misuse of Drugs Act 1971 (section 23),Controlled drugs,,,
Person search,2016-07-23T03:00:00+00:00,,,51.624320,-3.944068,Female,over 34,White - White British (W1),White,Misuse of Drugs Act 1971 (section 23),Controlled drugs,Suspect arrested,True,
Person search,2016-07-23T12:03:00+00:00,,,51.615202,-4.004475,Male,25-34,,,,,,,
Person search,2016-07-23T23:51:00+00:00,,,51.604886,-3.815607,Male,10-17,White - White British (W1),White,Police and Criminal Evidence Act 1984 (section 1),Article for use in theft,Nothing found - no further action,False,
Person search,2016-07-24T00:27:00+00:00,,,51.604886,-3.815607,Male,10-17,White - White British (W1),White,Police and Criminal Evidence Act 1984 (section 1),Article for use in theft,Nothing found - no further action,False,
Person search,2016-07-24T01:21:00+00:00,,,51.607734,-3.340278,Male,10-17,White - White British (W1),White,Misuse of Drugs Act 1971 (section 23),Controlled drugs,,False,
Person and Vehicle search,2016-07-24T10:28:00+00:00,,,51.662378,-3.927608,Male,25-34,White - White British (W1),White,Misuse of Drugs Act 1971 (section 23),Controlled drugs,Suspect arrested,False,
Person search,2016-07-24T17:20:00+00:00,,,51.505273,-3.198082,Male,18-24,Not Stated (NS),White,Police and Criminal Evidence Act 1984 (section 1),Offensive weapons,Nothing found - no further action,False,
Person search,2016-07-24T18:19:00+00:00,,,51.522922,-3.236425,Female,10-17,White - White British (W1),White,Misuse of Drugs Act 1971 (section 23),Controlled drugs,,False,
Person search,2016-07-24T18:20:00+00:00,,,51.522922,-3.236425,Male,18-24,White - White British (W1),White,Misuse of Drugs Act 1971 (section 23),Controlled drugs,Offender given drugs possession warning,True,
Person search,2016-07-24T18:47:00+00:00,,,51.485746,-3.175549,Male,over 34,,,,,,,
Person and Vehicle search,2016-07-24T19:42:00+00:00,,,51.485538,-3.174766,Male,25-34,Black or Black British - African (B2),Black,Misuse of Drugs Act 1971 (section 23),Controlled drugs,Nothing found - no further action,False,
Person search,2016-07-24T20:02:00+00:00,,,51.486505,-3.249036,Male,10-17,White - White British (W1),White,Police and Criminal Evidence Act 1984 (section 1),Stolen goods,Nothing found - no further action,False,
Person search,2016-07-24T20:02:00+00:00,,,51.501674,-3.205263,Male,over 34,White - White British (W1),White,Police and Criminal Evidence Act 1984 (section 1),Article for use in theft,Nothing found - no further action,False,
Person search,2016-07-24T21:48:00+00:00,,,51.496961,-3.302091,Male,18-24,White - White British (W1),White,Misuse of Drugs Act 1971 (section 23),Controlled drugs,Nothing found - no further action,False,
Person search,2016-07-24T21:54:00+00:00,,,51.496961,-3.302091,Male,10-17,White - White British (W1),White,Misuse of Drugs Act 1971 (section 23),Controlled drugs,Nothing found - no further action,False,
Person search,2016-07-24T22:26:00+00:00,,,51.474683,-3.166783,Male,18-24,,,,,,,
Person search,2016-07-25T01:20:00+00:00,,,,,Male,18-24,White - White British (W1),White,Police and Criminal Evidence Act 1984 (section 1),Articles for use in criminal damage,,False,
Person search,2016-07-25T01:25:00+00:00,,,,,Male,18-24,White - White British (W1),White,Police and Criminal Evidence Act 1984 (section 1),Articles for use in criminal damage,,False,
Person search,2016-07-25T02:43:00+00:00,,,51.478575,-3.191147,Male,25-34,Asian or Asian British - Any other Asian ethnic background (A9),Asian,Police and Criminal Evidence Act 1984 (section 1),Stolen goods,Nothing found - no further action,False,
Person search,2016-07-25T07:56:00+00:00,,,,,Female,over 34,,,,,,,
Person search,2016-07-25T14:12:00+00:00,,,51.498545,-3.138724,Female,over 34,White - Any other White ethnic background (W9),White,Police and Criminal Evidence Act 1984 (section 1),Stolen goods,,False,
Person search,2016-07-25T14:21:00+00:00,,,51.639210,-3.978046,Male,10-17,White - White British (W1),White,Misuse of Drugs Act 1971 (section 23),Controlled drugs,Nothing found - no further action,False,
Person search,2016-07-25T14:39:00+00:00,,,51.644102,-3.641537,Male,over 34,White - White British (W1),White,Police and Criminal Evidence Act 1984 (section 1),Offensive weapons,Nothing found - no further action,False,
Person search,2016-07-25T16:36:00+00:00,,,51.508557,-3.576440,Female,18-24,White - White British (W1),White,Misuse of Drugs Act 1971 (section 23),Controlled drugs,Offender given drugs possession warning,True,
Person search,2016-07-25T18:01:00+00:00,,,51.640224,-3.977671,Female,10-17,White - White British (W1),White,Misuse of Drugs Act 1971 (section 23),Controlled drugs,Nothing found - no further action,False,
Person search,2016-07-25T18:09:00+00:00,,,51.475267,-3.174991,Male,over 34,Not Stated (NS),White,Police and Criminal Evidence Act 1984 (section 1),Offensive weapons,Nothing found - no further action,False,
Person search,2016-07-25T19:51:00+00:00,,,51.621578,-3.942954,Male,over 34,White - White British (W1),White,Police and Criminal Evidence Act 1984 (section 1),Stolen goods,Suspect arrested,True,
Person search,2016-07-25T20:15:00+00:00,,,51.619410,-3.951688,,,,White,Police and Criminal Evidence Act 1984 (section 1),Stolen goods,Nothing found - no further action,False,
Person search,2016-07-26T01:25:00+00:00,,,51.484374,-3.139595,Male,over 34,Chinese or other ethnic group - Any other ethnic group (O9),Other,Police and Criminal Evidence Act 1984 (section 1),Article for use in theft,Nothing found - no further action,False,
Person search,2016-07-26T02:36:00+00:00,,,51.619817,-3.940654,Male,over 34,White - White British (W1),White,Misuse of Drugs Act 1971 (section 23),Controlled drugs,Suspect arrested,True,
Person search,2016-07-26T15:43:00+00:00,,,51.498545,-3.138724,Male,over 34,White - Any other White ethnic background (W9),White,Police and Criminal Evidence Act 1984 (section 1),Stolen goods,Nothing found - no further action,False,
Person search,2016-07-26T15:48:00+00:00,,,51.508557,-3.576440,Male,over 34,White - White British (W1),White,Misuse of Drugs Act 1971 (section 23),Controlled drugs,Nothing found - no further action,False,
Person search,2016-07-26T20:34:00+00:00,,,51.445559,-3.167624,Male,over 34,White - White British (W1),White,Police and Criminal Evidence Act 1984 (section 1),Offensive weapons,,False,
Person and Vehicle search,2016-07-26T20:40:00+00:00,,,51.484048,-3.161838,Male,25-34,White - White British (W1),White,Misuse of Drugs Act 1971 (section 23),Controlled drugs,Suspect summonsed to court,False,
Person search,2016-07-26T23:57:00+00:00,,,51.524874,-3.106674,Male,25-34,White - White British (W1),White,Police and Criminal Evidence Act 1984 (section 1),Stolen goods,Nothing found - no further action,False,
Person and Vehicle search,2016-07-27T00:25:00+00:00,,,51.528695,-3.096186,Male,over 34,Asian or Asian British - Any other Asian ethnic background (A9),Asian,Misuse of Drugs Act 1971 (section 23),Controlled drugs,Nothing found - no further action,False,
Person and Vehicle search,2016-07-27T00:25:00+00:00,,,51.528695,-3.096186,Male,over 34,Asian or Asian British - Any other Asian ethnic background (A9),Asian,Misuse of Drugs Act 1971 (section 23),Controlled drugs,Nothing found - no further action,False,
Person search,2016-07-27T01:14:00+00:00,,,51.488802,-3.144703,Male,25-34,White - Any other White ethnic background (W9),White,Police and Criminal Evidence Act 1984 (section 1),Article for use in theft,Suspect arrested,True,
Person search,2016-07-27T05:00:00+00:00,,,51.683887,-3.379023,Male,10-17,White - White British (W1),White,Police and Criminal Evidence Act 1984 (section 1),Article for use in theft,Nothing found - no further action,False,
Person and Vehicle search,2016-07-27T13:06:00+00:00,,,51.480245,-3.186049,Male,18-24,White - White British (W1),White,Misuse of Drugs Act 1971 (section 23),Controlled drugs,Nothing found - no further action,False,
Person search,2016-07-27T20:06:00+00:00,,,,,,,,,,,,,
Person and Vehicle search,2016-07-27T20:09:00+00:00,,,51.568130,-4.013644,Male,10-17,White - White British (W1),White,Misuse of Drugs Act 1971 (section 23),Controlled drugs,,False,
Person search,2016-07-27T20:15:00+00:00,,,,,,,,,,,,,
Person search,2016-07-27T20:19:00+00:00,,,51.568130,-4.013644,Male,10-17,White - White British (W1),White,Misuse of Drugs Act 1971 (section 23),Controlled drugs,,False,
Person search,2016-07-27T20:24:00+00:00,,,,,,,,,,,,,
Person search,2016-07-27T21:00:00+00:00,,,51.501235,-3.193755,Male,18-24,White - White British (W1),White,Misuse of Drugs Act 1971 (section 23),Controlled drugs,Suspect summonsed to court,False,
Person and Vehicle search,2016-07-27T22:38:00+00:00,,,51.632932,-3.449043,Female,25-34,White - White British (W1),White,Misuse of Drugs Act 1971 (section 23),Controlled drugs,Offender given drugs possession warning,True,
Person and Vehicle search,2016-07-27T22:43:00+00:00,,,51.632932,-3.449043,Female,18-24,White - White British (W1),White,Misuse of Drugs Act 1971 (section 23),Controlled drugs,Nothing found - no further action,False,
Person and Vehicle search,2016-07-27T22:48:00+00:00,,,51.632932,-3.449043,Female,25-34,White - White British (W1),White,Misuse of Drugs Act 1971 (section 23),Controlled drugs,Nothing found - no further action,False,
Person search,2016-07-28T02:45:00+00:00,,,51.612287,-3.407628,Male,18-24,White - White British (W1),White,Misuse of Drugs Act 1971 (section 23),Controlled drugs,Nothing found - no further action,False,
Person search,2016-07-28T07:30:00+00:00,,,,,Male,18-24,White - White British (W1),White,Misuse of Drugs Act 1971 (section 23),Controlled drugs,Nothing found - no further action,False,
Person search,2016-07-28T07:37:00+00:00,,,51.502249,-3.551152,Male,18-24,White - White British (W1),White,Misuse of Drugs Act 1971 (section 23),Controlled drugs,Nothing found - no further action,False,
Person search,2016-07-28T13:46:00+00:00,,,51.606226,-3.989768,Male,18-24,Black or Black British - African (B2),Black,Police and Criminal Evidence Act 1984 (section 1),Stolen goods,,False,
Person search,2016-07-28T15:48:00+00:00,,,51.602495,-3.346347,Male,25-34,,,,,,,
Person search,2016-07-28T15:49:00+00:00,,,,,,,,,,,,,
Person and Vehicle search,2016-07-29T04:23:00+00:00,,,51.625959,-3.468903,,25-34,White - White British (W1),White,Misuse of Drugs Act 1971 (section 23),Controlled drugs,Offender given drugs possession warning,True,
Person search,2016-07-29T15:44:00+00:00,,,51.618244,-3.943332,Male,25-34,White - White British (W1),White,Misuse of Drugs Act 1971 (section 23),Controlled drugs,,False,
Person search,2016-07-29T15:50:00+00:00,,,51.640085,-3.534984,Male,25-34,White - White British (W1),White,Police and Criminal Evidence Act 1984 (section 1),Controlled drugs,Suspect arrested,False,
Person search,2016-07-29T16:57:00+00:00,,,51.522666,-3.694378,Male,over 34,White - White British (W1),White,Misuse of Drugs Act 1971 (section 23),Controlled drugs,Suspect arrested,False,
Person search,2016-07-29T17:35:00+00:00,,,51.604651,-3.340982,Male,18-24,White - White British (W1),White,Police and Criminal Evidence Act 1984 (section 1),Offensive weapons,Nothing found - no further action,False,
Person search,2016-07-29T17:39:00+00:00,,,51.604651,-3.340982,Female,18-24,White - White British (W1),White,Police and Criminal Evidence Act 1984 (section 1),Offensive weapons,Nothing found - no further action,False,
Person search,2016-07-29T20:15:00+00:00,,,51.659489,-3.924420,Male,10-17,Not Stated (NS),,Police and Criminal Evidence Act 1984 (section 1),Offensive weapons,Offender given drugs possession warning,False,
Person search,2016-07-30T00:29:00+00:00,,,51.712806,-3.444734,Male,25-34,White - White British (W1),White,Misuse of Drugs Act 1971 (section 23),Controlled drugs,,False,
Person search,2016-07-30T00:54:00+00:00,,,51.572168,-4.094781,Male,18-24,White - White British (W1),White,Misuse of Drugs Act 1971 (section 23),Controlled drugs,Suspect summonsed to court,False,
Person search,2016-07-30T00:56:00+00:00,,,,,Male,18-24,White - White British (W1),White,Misuse of Drugs Act 1971 (section 23),Controlled drugs,Offender given drugs possession warning,True,
Person search,2016-07-30T00:57:00+00:00,,,51.572168,-4.094781,Male,10-17,White - White British (W1),White,Misuse of Drugs Act 1971 (section 23),Controlled drugs,,False,
Person search,2016-07-30T02:13:00+00:00,,,51.714150,-3.450249,Male,18-24,White - White British (W1),White,Misuse of Drugs Act 1971 (section 23),Controlled drugs,Nothing found - no further action,False,
Person search,2016-07-30T05:12:00+00:00,,,51.714150,-3.450249,Male,18-24,White - White British (W1),White,Misuse of Drugs Act 1971 (section 23),Controlled drugs,Suspect arrested,True,
Person and Vehicle search,2016-07-30T07:31:00+00:00,,,51.756294,-3.594632,Male,18-24,White - White British (W1),White,Misuse of Drugs Act 1971 (section 23),Controlled drugs,Suspect arrested,True,
Person search,2016-07-30T12:49:00+00:00,,,51.649372,-4.041572,Male,over 34,White - White British (W1),White,Misuse of Drugs Act 1971 (section 23),Controlled drugs,Suspect arrested,True,
Person search,2016-07-30T21:50:00+00:00,,,51.477069,-3.176377,Male,18-24,Black or Black British - Any other Black ethnic background (B9),,Misuse of Drugs Act 1971 (section 23),Controlled drugs,Suspect arrested,True,
Person search,2016-07-30T21:59:00+00:00,,,,,,,,,,,,,
Person search,2016-07-30T21:59:00+00:00,,,,,,,,,,,,,
Person search,2016-07-30T21:59:00+00:00,,,,,,,,,,,,,
Person search,2016-07-30T22:04:00+00:00,,,,,,,,,,,,,
Person search,2016-07-30T23:19:00+00:00,,,51.666017,-3.792702,Male,18-24,White - White British (W1),White,Police and Criminal Evidence Act 1984 (section 1),Article for use in theft,,False,
Person search,2016-07-31T00:21:00+00:00,,,51.621718,-3.943697,Male,18-24,White - White British (W1),White,Police and Criminal Evidence Act 1984 (section 1),Offensive weapons,Nothing found - no further action,False,
Person search,2016-07-31T00:40:00+00:00,,,51.508129,-3.577491,Male,25-34,White - White British (W1),White,Misuse of Drugs Act 1971 (section 23),Controlled drugs,Nothing found - no further action,False,
Person search,2016-07-31T05:47:00+00:00,,,51.477810,-3.201696,Male,10-17,Asian or Asian British - Any other Asian ethnic background (A9),Asian,Police and Criminal Evidence Act 1984 (section 1),Article for use in theft,,False,
Person search,2016-07-31T06:14:00+00:00,,,51.477810,-3.201696,Male,10-17,Asian or Asian British - Any other Asian ethnic background (A9),Asian,Police and Criminal Evidence Act 1984 (section 1),Articles for use in criminal damage,,False,
Person search,2016-07-31T06:18:00+00:00,,,51.477810,-3.201696,Male,10-17,,,,,,,
Person search,2016-07-31T14:09:00+00:00,,,51.703093,-3.422819,Male,25-34,White - White British (W1),White,Police and Criminal Evidence Act 1984 (section 1),Stolen goods,Nothing found - no further action,False,
Person search,2016-07-31T14:13:00+00:00,,,51.703093,-3.422819,Male,over 34,White - White British (W1),White,Police and Criminal Evidence Act 1984 (section 1),Stolen goods,Nothing found - no further action,False,
Person search,2016-07-31T14:17:00+00:00,,,51.703093,-3.422819,Female,25-34,White - White British (W1),White,Police and Criminal Evidence Act 1984 (section 1),Stolen goods,Nothing found - no further action,False,
Person search,2016-07-31T17:15:00+00:00,,,51.399087,-3.284589,Male,over 34,White - White British (W1),White,Police and Criminal Evidence Act 1984 (section 1),Offensive weapons,Nothing found - no further action,False,
Person search,2016-07-31T18:39:00+00:00,,,51.518917,-3.585028,Male,25-34,White - White British (W1),White,Misuse of Drugs Act 1971 (section 23),Controlled drugs,Offender given drugs possession warning,True,
Person search,2016-07-31T18:47:00+00:00,,,51.518917,-3.585028,Male,10-17,White - White British (W1),White,Misuse of Drugs Act 1971 (section 23),Controlled drugs,Nothing found - no further action,False,
Person search,2016-07-31T19:19:00+00:00,,,51.495168,-3.167537,Male,25-34,Mixed - Any other Mixed ethnic background (M9),White,Police and Criminal Evidence Act 1984 (section 1),Article for use in theft,,False,
Person search,2016-07-31T20:04:00+00:00,,,51.518898,-3.561605,Male,over 34,White - White British (W1),White,Misuse of Drugs Act 1971 (section 23),Controlled drugs,Nothing found - no further action,False,
Person search,2016-07-31T21:54:00+00:00,,,51.518898,-3.561605,Male,18-24,White - Any other White ethnic background (W9),White,Misuse of Drugs Act 1971 (section 23),Controlled drugs,Nothing found - no further action,False,
Person and Vehicle search,2016-07-31T22:00:00+00:00,,,51.518898,-3.561605,Male,18-24,White - White British (W1),White,Misuse of Drugs Act 1971 (section 23),Controlled drugs,Nothing found - no further action,False,
